Review_ID,Customer_Review,Rating
1,terrible customer support respond email,2
2,great product satisfied quality service,2
3,product okay shipping took long,1
4,poor packaging arrived damaged happy purchase,4
5,great product satisfied quality service,1
6,excellent customer service support team helpful,1
7,great product satisfied quality service,2
8,amazing experience everything went smoothly,4
9,loved would definitely recommend friend family,4
10,excellent customer service support team helpful,4
11,product meet expectation quality subpar,5
12,product okay shipping took long,2
13,product okay shipping took long,4
14,expected disappointing experience,1
15,great product satisfied quality service,5
16,excellent customer service support team helpful,5
17,amazing experience everything went smoothly,5
18,satisfied purchase good value money,2
19,great product satisfied quality service,4
20,poor packaging arrived damaged happy purchase,5
21,product meet expectation quality subpar,1
22,expected disappointing experience,2
23,great product satisfied quality service,1
24,satisfied purchase good value money,1
25,excellent customer service support team helpful,1
26,excellent customer service support team helpful,1
27,satisfied purchase good value money,3
28,expected disappointing experience,2
29,expected disappointing experience,5
30,amazing experience everything went smoothly,4
31,product okay shipping took long,4
32,loved would definitely recommend friend family,5
33,excellent customer service support team helpful,3
34,loved would definitely recommend friend family,5
35,terrible customer support respond email,2
36,great product satisfied quality service,2
37,poor packaging arrived damaged happy purchase,4
38,loved would definitely recommend friend family,2
39,poor packaging arrived damaged happy purchase,5
40,expected disappointing experience,2
41,product okay shipping took long,2
42,amazing experience everything went smoothly,2
43,poor packaging arrived damaged happy purchase,2
44,expected disappointing experience,1
45,satisfied purchase good value money,5
46,excellent customer service support team helpful,1
47,excellent customer service support team helpful,4
48,amazing experience everything went smoothly,4
49,poor packaging arrived damaged happy purchase,4
50,amazing experience everything went smoothly,4
51,terrible customer support respond email,1
52,product okay shipping took long,5
53,amazing experience everything went smoothly,3
54,loved would definitely recommend friend family,2
55,product meet expectation quality subpar,3
56,satisfied purchase good value money,1
57,loved would definitely recommend friend family,5
58,terrible customer support respond email,3
59,amazing experience everything went smoothly,5
60,satisfied purchase good value money,4
61,satisfied purchase good value money,2
62,poor packaging arrived damaged happy purchase,5
63,amazing experience everything went smoothly,4
64,terrible customer support respond email,4
65,product meet expectation quality subpar,4
66,loved would definitely recommend friend family,3
67,product meet expectation quality subpar,3
68,satisfied purchase good value money,4
69,great product satisfied quality service,2
70,amazing experience everything went smoothly,1
71,expected disappointing experience,5
72,satisfied purchase good value money,1
73,satisfied purchase good value money,1
74,loved would definitely recommend friend family,1
75,great product satisfied quality service,4
76,terrible customer support respond email,4
77,poor packaging arrived damaged happy purchase,3
78,loved would definitely recommend friend family,5
79,expected disappointing experience,1
80,amazing experience everything went smoothly,5
81,great product satisfied quality service,1
82,product okay shipping took long,3
83,poor packaging arrived damaged happy purchase,3
84,product meet expectation quality subpar,4
85,amazing experience everything went smoothly,4
86,amazing experience everything went smoothly,2
87,satisfied purchase good value money,5
88,poor packaging arrived damaged happy purchase,4
89,loved would definitely recommend friend family,5
90,poor packaging arrived damaged happy purchase,3
91,expected disappointing experience,2
92,poor packaging arrived damaged happy purchase,3
93,amazing experience everything went smoothly,5
94,product meet expectation quality subpar,4
95,product okay shipping took long,1
96,amazing experience everything went smoothly,3
97,product meet expectation quality subpar,4
98,product okay shipping took long,3
99,loved would definitely recommend friend family,4
100,loved would definitely recommend friend family,4
101,expected disappointing experience,5
102,amazing experience everything went smoothly,2
103,loved would definitely recommend friend family,5
104,poor packaging arrived damaged happy purchase,3
105,expected disappointing experience,1
106,terrible customer support respond email,1
107,product meet expectation quality subpar,1
108,terrible customer support respond email,1
109,expected disappointing experience,1
110,loved would definitely recommend friend family,4
111,expected disappointing experience,5
112,amazing experience everything went smoothly,5
113,product okay shipping took long,1
114,excellent customer service support team helpful,3
115,product okay shipping took long,3
116,great product satisfied quality service,2
117,expected disappointing experience,3
118,excellent customer service support team helpful,5
119,terrible customer support respond email,1
120,excellent customer service support team helpful,3
121,loved would definitely recommend friend family,5
122,product okay shipping took long,2
123,product meet expectation quality subpar,4
124,satisfied purchase good value money,4
125,product meet expectation quality subpar,4
126,product okay shipping took long,1
127,terrible customer support respond email,3
128,product okay shipping took long,5
129,product okay shipping took long,2
130,great product satisfied quality service,2
131,expected disappointing experience,2
132,loved would definitely recommend friend family,2
133,great product satisfied quality service,5
134,satisfied purchase good value money,5
135,excellent customer service support team helpful,4
136,terrible customer support respond email,3
137,amazing experience everything went smoothly,5
138,amazing experience everything went smoothly,2
139,amazing experience everything went smoothly,3
140,excellent customer service support team helpful,5
141,product meet expectation quality subpar,1
142,amazing experience everything went smoothly,5
143,product meet expectation quality subpar,4
144,poor packaging arrived damaged happy purchase,1
145,product meet expectation quality subpar,2
146,terrible customer support respond email,1
147,terrible customer support respond email,5
148,loved would definitely recommend friend family,3
149,great product satisfied quality service,2
150,great product satisfied quality service,4
151,terrible customer support respond email,3
152,poor packaging arrived damaged happy purchase,3
153,loved would definitely recommend friend family,3
154,product okay shipping took long,1
155,satisfied purchase good value money,3
156,poor packaging arrived damaged happy purchase,4
157,excellent customer service support team helpful,3
158,expected disappointing experience,1
159,great product satisfied quality service,2
160,product meet expectation quality subpar,4
161,satisfied purchase good value money,2
162,great product satisfied quality service,1
163,product meet expectation quality subpar,2
164,excellent customer service support team helpful,3
165,product okay shipping took long,4
166,loved would definitely recommend friend family,2
167,product meet expectation quality subpar,3
168,poor packaging arrived damaged happy purchase,5
169,great product satisfied quality service,5
170,loved would definitely recommend friend family,2
171,great product satisfied quality service,2
172,expected disappointing experience,2
173,satisfied purchase good value money,2
174,product okay shipping took long,2
175,expected disappointing experience,3
176,product okay shipping took long,4
177,excellent customer service support team helpful,4
178,excellent customer service support team helpful,4
179,satisfied purchase good value money,3
180,satisfied purchase good value money,1
181,product meet expectation quality subpar,3
182,product okay shipping took long,1
183,loved would definitely recommend friend family,3
184,loved would definitely recommend friend family,5
185,amazing experience everything went smoothly,5
186,product meet expectation quality subpar,2
187,poor packaging arrived damaged happy purchase,5
188,product okay shipping took long,4
189,terrible customer support respond email,5
190,satisfied purchase good value money,5
191,product okay shipping took long,1
192,poor packaging arrived damaged happy purchase,4
193,great product satisfied quality service,5
194,expected disappointing experience,5
195,loved would definitely recommend friend family,4
196,terrible customer support respond email,3
197,amazing experience everything went smoothly,4
198,product meet expectation quality subpar,2
199,terrible customer support respond email,2
200,terrible customer support respond email,5
201,product meet expectation quality subpar,3
202,product meet expectation quality subpar,1
203,poor packaging arrived damaged happy purchase,4
204,product meet expectation quality subpar,5
205,loved would definitely recommend friend family,1
206,terrible customer support respond email,5
207,product meet expectation quality subpar,5
208,great product satisfied quality service,1
209,excellent customer service support team helpful,5
210,excellent customer service support team helpful,4
211,great product satisfied quality service,3
212,product meet expectation quality subpar,4
213,satisfied purchase good value money,4
214,loved would definitely recommend friend family,2
215,product okay shipping took long,3
216,excellent customer service support team helpful,4
217,great product satisfied quality service,5
218,loved would definitely recommend friend family,2
219,great product satisfied quality service,5
220,product okay shipping took long,1
221,great product satisfied quality service,2
222,poor packaging arrived damaged happy purchase,2
223,terrible customer support respond email,2
224,great product satisfied quality service,4
225,amazing experience everything went smoothly,5
226,poor packaging arrived damaged happy purchase,3
227,satisfied purchase good value money,3
228,terrible customer support respond email,5
229,excellent customer service support team helpful,3
230,amazing experience everything went smoothly,2
231,product okay shipping took long,2
232,loved would definitely recommend friend family,5
233,excellent customer service support team helpful,1
234,product okay shipping took long,4
235,product meet expectation quality subpar,1
236,terrible customer support respond email,4
237,poor packaging arrived damaged happy purchase,4
238,excellent customer service support team helpful,2
239,terrible customer support respond email,1
240,loved would definitely recommend friend family,1
241,satisfied purchase good value money,2
242,loved would definitely recommend friend family,5
243,poor packaging arrived damaged happy purchase,5
244,product meet expectation quality subpar,4
245,product meet expectation quality subpar,5
246,product meet expectation quality subpar,3
247,great product satisfied quality service,4
248,great product satisfied quality service,1
249,terrible customer support respond email,1
250,expected disappointing experience,4
251,amazing experience everything went smoothly,2
252,terrible customer support respond email,1
253,excellent customer service support team helpful,5
254,loved would definitely recommend friend family,2
255,amazing experience everything went smoothly,4
256,amazing experience everything went smoothly,2
257,satisfied purchase good value money,5
258,satisfied purchase good value money,1
259,amazing experience everything went smoothly,1
260,poor packaging arrived damaged happy purchase,3
261,product meet expectation quality subpar,5
262,poor packaging arrived damaged happy purchase,3
263,product meet expectation quality subpar,1
264,poor packaging arrived damaged happy purchase,2
265,excellent customer service support team helpful,4
266,excellent customer service support team helpful,1
267,poor packaging arrived damaged happy purchase,5
268,product meet expectation quality subpar,5
269,expected disappointing experience,5
270,amazing experience everything went smoothly,4
271,product okay shipping took long,3
272,product okay shipping took long,5
273,product okay shipping took long,4
274,product meet expectation quality subpar,3
275,product meet expectation quality subpar,4
276,product okay shipping took long,4
277,terrible customer support respond email,3
278,amazing experience everything went smoothly,1
279,poor packaging arrived damaged happy purchase,1
280,expected disappointing experience,3
281,product okay shipping took long,2
282,product okay shipping took long,1
283,product meet expectation quality subpar,3
284,product meet expectation quality subpar,1
285,product okay shipping took long,3
286,satisfied purchase good value money,5
287,loved would definitely recommend friend family,2
288,excellent customer service support team helpful,4
289,amazing experience everything went smoothly,5
290,loved would definitely recommend friend family,3
291,product meet expectation quality subpar,4
292,loved would definitely recommend friend family,2
293,product meet expectation quality subpar,5
294,loved would definitely recommend friend family,2
295,terrible customer support respond email,1
296,satisfied purchase good value money,3
297,loved would definitely recommend friend family,3
298,excellent customer service support team helpful,5
299,satisfied purchase good value money,4
300,loved would definitely recommend friend family,1
301,product meet expectation quality subpar,5
302,amazing experience everything went smoothly,5
303,satisfied purchase good value money,4
304,loved would definitely recommend friend family,2
305,satisfied purchase good value money,2
306,poor packaging arrived damaged happy purchase,2
307,product meet expectation quality subpar,5
308,amazing experience everything went smoothly,4
309,expected disappointing experience,3
310,product okay shipping took long,2
311,poor packaging arrived damaged happy purchase,2
312,satisfied purchase good value money,5
313,expected disappointing experience,3
314,expected disappointing experience,4
315,poor packaging arrived damaged happy purchase,2
316,product meet expectation quality subpar,3
317,satisfied purchase good value money,1
318,product meet expectation quality subpar,3
319,poor packaging arrived damaged happy purchase,4
320,excellent customer service support team helpful,1
321,loved would definitely recommend friend family,3
322,great product satisfied quality service,5
323,product okay shipping took long,2
324,loved would definitely recommend friend family,4
325,product okay shipping took long,1
326,great product satisfied quality service,3
327,excellent customer service support team helpful,1
328,great product satisfied quality service,4
329,poor packaging arrived damaged happy purchase,5
330,excellent customer service support team helpful,5
331,terrible customer support respond email,5
332,satisfied purchase good value money,5
333,poor packaging arrived damaged happy purchase,5
334,expected disappointing experience,2
335,terrible customer support respond email,5
336,product okay shipping took long,4
337,excellent customer service support team helpful,3
338,terrible customer support respond email,3
339,loved would definitely recommend friend family,5
340,expected disappointing experience,1
341,amazing experience everything went smoothly,3
342,terrible customer support respond email,5
343,poor packaging arrived damaged happy purchase,2
344,amazing experience everything went smoothly,5
345,great product satisfied quality service,1
346,amazing experience everything went smoothly,4
347,terrible customer support respond email,1
348,product okay shipping took long,3
349,amazing experience everything went smoothly,1
350,terrible customer support respond email,4
351,terrible customer support respond email,1
352,loved would definitely recommend friend family,3
353,excellent customer service support team helpful,5
354,terrible customer support respond email,3
355,terrible customer support respond email,3
356,product okay shipping took long,3
357,expected disappointing experience,1
358,amazing experience everything went smoothly,4
359,poor packaging arrived damaged happy purchase,5
360,great product satisfied quality service,5
361,product meet expectation quality subpar,4
362,product meet expectation quality subpar,4
363,product meet expectation quality subpar,4
364,terrible customer support respond email,2
365,loved would definitely recommend friend family,4
366,amazing experience everything went smoothly,3
367,product okay shipping took long,2
368,satisfied purchase good value money,1
369,loved would definitely recommend friend family,4
370,product meet expectation quality subpar,1
371,product okay shipping took long,2
372,product meet expectation quality subpar,5
373,excellent customer service support team helpful,2
374,product meet expectation quality subpar,2
375,loved would definitely recommend friend family,4
376,excellent customer service support team helpful,3
377,terrible customer support respond email,2
378,loved would definitely recommend friend family,3
379,expected disappointing experience,1
380,great product satisfied quality service,2
381,product okay shipping took long,2
382,product okay shipping took long,1
383,great product satisfied quality service,2
384,amazing experience everything went smoothly,4
385,product meet expectation quality subpar,2
386,satisfied purchase good value money,1
387,excellent customer service support team helpful,1
388,poor packaging arrived damaged happy purchase,3
389,product meet expectation quality subpar,5
390,poor packaging arrived damaged happy purchase,2
391,expected disappointing experience,3
392,product meet expectation quality subpar,4
393,excellent customer service support team helpful,4
394,excellent customer service support team helpful,2
395,product okay shipping took long,1
396,amazing experience everything went smoothly,3
397,satisfied purchase good value money,2
398,terrible customer support respond email,4
399,terrible customer support respond email,2
400,expected disappointing experience,1
401,satisfied purchase good value money,1
402,loved would definitely recommend friend family,5
403,product meet expectation quality subpar,3
404,product okay shipping took long,3
405,terrible customer support respond email,4
406,terrible customer support respond email,2
407,expected disappointing experience,2
408,great product satisfied quality service,2
409,amazing experience everything went smoothly,4
410,expected disappointing experience,4
411,loved would definitely recommend friend family,2
412,poor packaging arrived damaged happy purchase,3
413,excellent customer service support team helpful,5
414,satisfied purchase good value money,1
415,poor packaging arrived damaged happy purchase,4
416,expected disappointing experience,1
417,product meet expectation quality subpar,3
418,excellent customer service support team helpful,2
419,loved would definitely recommend friend family,4
420,terrible customer support respond email,1
421,expected disappointing experience,1
422,excellent customer service support team helpful,3
423,product okay shipping took long,1
424,expected disappointing experience,2
425,terrible customer support respond email,4
426,loved would definitely recommend friend family,2
427,excellent customer service support team helpful,3
428,expected disappointing experience,1
429,amazing experience everything went smoothly,5
430,amazing experience everything went smoothly,1
431,satisfied purchase good value money,4
432,loved would definitely recommend friend family,1
433,product okay shipping took long,1
434,amazing experience everything went smoothly,3
435,product meet expectation quality subpar,1
436,product okay shipping took long,3
437,loved would definitely recommend friend family,2
438,poor packaging arrived damaged happy purchase,1
439,product okay shipping took long,3
440,satisfied purchase good value money,5
441,amazing experience everything went smoothly,5
442,satisfied purchase good value money,5
443,excellent customer service support team helpful,5
444,great product satisfied quality service,4
445,great product satisfied quality service,4
446,great product satisfied quality service,5
447,satisfied purchase good value money,5
448,amazing experience everything went smoothly,4
449,poor packaging arrived damaged happy purchase,2
450,excellent customer service support team helpful,3
451,great product satisfied quality service,5
452,great product satisfied quality service,2
453,loved would definitely recommend friend family,1
454,product okay shipping took long,2
455,product meet expectation quality subpar,2
456,great product satisfied quality service,1
457,poor packaging arrived damaged happy purchase,3
458,excellent customer service support team helpful,2
459,loved would definitely recommend friend family,2
460,loved would definitely recommend friend family,5
461,expected disappointing experience,4
462,product okay shipping took long,4
463,product okay shipping took long,3
464,satisfied purchase good value money,2
465,product okay shipping took long,2
466,amazing experience everything went smoothly,4
467,excellent customer service support team helpful,3
468,satisfied purchase good value money,3
469,product meet expectation quality subpar,3
470,excellent customer service support team helpful,3
471,expected disappointing experience,2
472,product meet expectation quality subpar,1
473,product meet expectation quality subpar,3
474,excellent customer service support team helpful,3
475,poor packaging arrived damaged happy purchase,1
476,product meet expectation quality subpar,1
477,terrible customer support respond email,3
478,loved would definitely recommend friend family,2
479,expected disappointing experience,3
480,excellent customer service support team helpful,2
481,amazing experience everything went smoothly,3
482,expected disappointing experience,5
483,poor packaging arrived damaged happy purchase,5
484,expected disappointing experience,3
485,poor packaging arrived damaged happy purchase,4
486,amazing experience everything went smoothly,5
487,poor packaging arrived damaged happy purchase,1
488,amazing experience everything went smoothly,2
489,loved would definitely recommend friend family,5
490,terrible customer support respond email,3
491,product okay shipping took long,1
492,terrible customer support respond email,4
493,excellent customer service support team helpful,5
494,amazing experience everything went smoothly,4
495,loved would definitely recommend friend family,5
496,great product satisfied quality service,4
497,product meet expectation quality subpar,1
498,satisfied purchase good value money,1
499,product okay shipping took long,5
500,poor packaging arrived damaged happy purchase,2
501,poor packaging arrived damaged happy purchase,1
502,amazing experience everything went smoothly,5
503,product okay shipping took long,1
504,terrible customer support respond email,5
505,loved would definitely recommend friend family,1
506,excellent customer service support team helpful,2
507,expected disappointing experience,3
508,expected disappointing experience,5
509,poor packaging arrived damaged happy purchase,1
510,expected disappointing experience,2
511,terrible customer support respond email,1
512,expected disappointing experience,1
513,amazing experience everything went smoothly,5
514,product okay shipping took long,2
515,terrible customer support respond email,1
516,product meet expectation quality subpar,4
517,expected disappointing experience,5
518,poor packaging arrived damaged happy purchase,5
519,satisfied purchase good value money,2
520,loved would definitely recommend friend family,1
521,satisfied purchase good value money,4
522,excellent customer service support team helpful,2
523,product okay shipping took long,3
524,amazing experience everything went smoothly,1
525,excellent customer service support team helpful,5
526,excellent customer service support team helpful,5
527,great product satisfied quality service,1
528,great product satisfied quality service,4
529,product meet expectation quality subpar,1
530,excellent customer service support team helpful,5
531,excellent customer service support team helpful,5
532,expected disappointing experience,3
533,expected disappointing experience,1
534,terrible customer support respond email,3
535,great product satisfied quality service,2
536,loved would definitely recommend friend family,4
537,satisfied purchase good value money,3
538,terrible customer support respond email,4
539,expected disappointing experience,2
540,loved would definitely recommend friend family,3
541,great product satisfied quality service,3
542,excellent customer service support team helpful,2
543,product okay shipping took long,2
544,product meet expectation quality subpar,2
545,product okay shipping took long,2
546,product okay shipping took long,3
547,great product satisfied quality service,3
548,satisfied purchase good value money,3
549,satisfied purchase good value money,4
550,product meet expectation quality subpar,2
551,great product satisfied quality service,5
552,amazing experience everything went smoothly,5
553,product okay shipping took long,5
554,amazing experience everything went smoothly,5
555,excellent customer service support team helpful,3
556,amazing experience everything went smoothly,3
557,amazing experience everything went smoothly,3
558,terrible customer support respond email,3
559,great product satisfied quality service,1
560,product meet expectation quality subpar,3
561,poor packaging arrived damaged happy purchase,2
562,satisfied purchase good value money,4
563,great product satisfied quality service,4
564,amazing experience everything went smoothly,1
565,loved would definitely recommend friend family,4
566,product okay shipping took long,3
567,poor packaging arrived damaged happy purchase,3
568,amazing experience everything went smoothly,2
569,amazing experience everything went smoothly,3
570,terrible customer support respond email,3
571,great product satisfied quality service,2
572,loved would definitely recommend friend family,1
573,loved would definitely recommend friend family,2
574,product meet expectation quality subpar,4
575,product meet expectation quality subpar,2
576,product meet expectation quality subpar,2
577,product okay shipping took long,5
578,loved would definitely recommend friend family,1
579,satisfied purchase good value money,2
580,satisfied purchase good value money,4
581,excellent customer service support team helpful,2
582,product okay shipping took long,4
583,great product satisfied quality service,3
584,excellent customer service support team helpful,3
585,satisfied purchase good value money,2
586,product okay shipping took long,2
587,amazing experience everything went smoothly,2
588,product meet expectation quality subpar,4
589,expected disappointing experience,5
590,satisfied purchase good value money,1
591,amazing experience everything went smoothly,4
592,product meet expectation quality subpar,5
593,product meet expectation quality subpar,3
594,excellent customer service support team helpful,3
595,product okay shipping took long,1
596,product meet expectation quality subpar,5
597,great product satisfied quality service,4
598,amazing experience everything went smoothly,4
599,amazing experience everything went smoothly,5
600,satisfied purchase good value money,3
601,expected disappointing experience,3
602,amazing experience everything went smoothly,5
603,amazing experience everything went smoothly,2
604,product meet expectation quality subpar,3
605,amazing experience everything went smoothly,5
606,loved would definitely recommend friend family,5
607,expected disappointing experience,2
608,product okay shipping took long,3
609,excellent customer service support team helpful,5
610,loved would definitely recommend friend family,3
611,excellent customer service support team helpful,3
612,product okay shipping took long,4
613,poor packaging arrived damaged happy purchase,2
614,amazing experience everything went smoothly,5
615,terrible customer support respond email,3
616,product okay shipping took long,3
617,product meet expectation quality subpar,4
618,product okay shipping took long,2
619,satisfied purchase good value money,5
620,poor packaging arrived damaged happy purchase,4
621,excellent customer service support team helpful,3
622,satisfied purchase good value money,3
623,great product satisfied quality service,3
624,expected disappointing experience,4
625,product meet expectation quality subpar,1
626,excellent customer service support team helpful,1
627,satisfied purchase good value money,5
628,excellent customer service support team helpful,2
629,loved would definitely recommend friend family,4
630,poor packaging arrived damaged happy purchase,4
631,poor packaging arrived damaged happy purchase,3
632,terrible customer support respond email,4
633,satisfied purchase good value money,2
634,product okay shipping took long,3
635,product okay shipping took long,4
636,loved would definitely recommend friend family,1
637,excellent customer service support team helpful,3
638,terrible customer support respond email,3
639,expected disappointing experience,5
640,expected disappointing experience,4
641,loved would definitely recommend friend family,4
642,product meet expectation quality subpar,3
643,product meet expectation quality subpar,4
644,product okay shipping took long,1
645,amazing experience everything went smoothly,3
646,great product satisfied quality service,3
647,great product satisfied quality service,5
648,product meet expectation quality subpar,1
649,great product satisfied quality service,3
650,great product satisfied quality service,2
651,expected disappointing experience,5
652,terrible customer support respond email,1
653,terrible customer support respond email,1
654,expected disappointing experience,5
655,satisfied purchase good value money,4
656,poor packaging arrived damaged happy purchase,4
657,expected disappointing experience,5
658,expected disappointing experience,5
659,poor packaging arrived damaged happy purchase,2
660,product okay shipping took long,2
661,terrible customer support respond email,5
662,excellent customer service support team helpful,5
663,amazing experience everything went smoothly,4
664,poor packaging arrived damaged happy purchase,5
665,poor packaging arrived damaged happy purchase,1
666,loved would definitely recommend friend family,4
667,great product satisfied quality service,5
668,poor packaging arrived damaged happy purchase,4
669,product meet expectation quality subpar,1
670,amazing experience everything went smoothly,1
671,loved would definitely recommend friend family,3
672,poor packaging arrived damaged happy purchase,3
673,poor packaging arrived damaged happy purchase,1
674,terrible customer support respond email,5
675,satisfied purchase good value money,5
676,great product satisfied quality service,4
677,satisfied purchase good value money,5
678,terrible customer support respond email,4
679,expected disappointing experience,3
680,loved would definitely recommend friend family,5
681,great product satisfied quality service,5
682,great product satisfied quality service,3
683,product meet expectation quality subpar,5
684,product meet expectation quality subpar,1
685,expected disappointing experience,1
686,satisfied purchase good value money,1
687,product okay shipping took long,3
688,expected disappointing experience,3
689,satisfied purchase good value money,5
690,product meet expectation quality subpar,1
691,excellent customer service support team helpful,1
692,satisfied purchase good value money,1
693,excellent customer service support team helpful,1
694,poor packaging arrived damaged happy purchase,1
695,expected disappointing experience,1
696,poor packaging arrived damaged happy purchase,1
697,poor packaging arrived damaged happy purchase,3
698,product okay shipping took long,1
699,amazing experience everything went smoothly,5
700,terrible customer support respond email,4
701,poor packaging arrived damaged happy purchase,3
702,product meet expectation quality subpar,3
703,satisfied purchase good value money,1
704,product meet expectation quality subpar,3
705,product okay shipping took long,5
706,excellent customer service support team helpful,2
707,product meet expectation quality subpar,1
708,terrible customer support respond email,5
709,satisfied purchase good value money,1
710,poor packaging arrived damaged happy purchase,4
711,great product satisfied quality service,1
712,terrible customer support respond email,3
713,satisfied purchase good value money,4
714,poor packaging arrived damaged happy purchase,1
715,product meet expectation quality subpar,1
716,terrible customer support respond email,1
717,product okay shipping took long,3
718,terrible customer support respond email,4
719,great product satisfied quality service,4
720,terrible customer support respond email,4
721,great product satisfied quality service,2
722,terrible customer support respond email,4
723,amazing experience everything went smoothly,4
724,terrible customer support respond email,3
725,satisfied purchase good value money,1
726,product okay shipping took long,3
727,satisfied purchase good value money,5
728,poor packaging arrived damaged happy purchase,1
729,terrible customer support respond email,5
730,great product satisfied quality service,1
731,terrible customer support respond email,2
732,expected disappointing experience,1
733,product meet expectation quality subpar,5
734,amazing experience everything went smoothly,5
735,poor packaging arrived damaged happy purchase,4
736,satisfied purchase good value money,4
737,terrible customer support respond email,3
738,excellent customer service support team helpful,5
739,product okay shipping took long,2
740,great product satisfied quality service,3
741,poor packaging arrived damaged happy purchase,4
742,excellent customer service support team helpful,3
743,product okay shipping took long,5
744,loved would definitely recommend friend family,3
745,product meet expectation quality subpar,2
746,amazing experience everything went smoothly,2
747,excellent customer service support team helpful,2
748,loved would definitely recommend friend family,3
749,terrible customer support respond email,4
750,loved would definitely recommend friend family,5
751,poor packaging arrived damaged happy purchase,4
752,amazing experience everything went smoothly,5
753,poor packaging arrived damaged happy purchase,2
754,poor packaging arrived damaged happy purchase,2
755,great product satisfied quality service,1
756,excellent customer service support team helpful,4
757,expected disappointing experience,5
758,expected disappointing experience,1
759,product meet expectation quality subpar,1
760,satisfied purchase good value money,3
761,product okay shipping took long,5
762,poor packaging arrived damaged happy purchase,2
763,product okay shipping took long,2
764,expected disappointing experience,5
765,expected disappointing experience,5
766,product meet expectation quality subpar,5
767,loved would definitely recommend friend family,5
768,product meet expectation quality subpar,2
769,product okay shipping took long,2
770,expected disappointing experience,5
771,terrible customer support respond email,4
772,poor packaging arrived damaged happy purchase,5
773,expected disappointing experience,3
774,excellent customer service support team helpful,3
775,terrible customer support respond email,1
776,product okay shipping took long,2
777,product meet expectation quality subpar,4
778,excellent customer service support team helpful,5
779,expected disappointing experience,4
780,product meet expectation quality subpar,2
781,loved would definitely recommend friend family,4
782,expected disappointing experience,1
783,product okay shipping took long,1
784,satisfied purchase good value money,4
785,product okay shipping took long,5
786,product meet expectation quality subpar,2
787,loved would definitely recommend friend family,3
788,product okay shipping took long,1
789,product okay shipping took long,3
790,excellent customer service support team helpful,2
791,product meet expectation quality subpar,1
792,product meet expectation quality subpar,4
793,excellent customer service support team helpful,2
794,product okay shipping took long,1
795,great product satisfied quality service,3
796,satisfied purchase good value money,1
797,terrible customer support respond email,2
798,loved would definitely recommend friend family,1
799,great product satisfied quality service,2
800,poor packaging arrived damaged happy purchase,5
801,loved would definitely recommend friend family,4
802,product okay shipping took long,2
803,loved would definitely recommend friend family,3
804,loved would definitely recommend friend family,2
805,product okay shipping took long,4
806,expected disappointing experience,2
807,amazing experience everything went smoothly,4
808,amazing experience everything went smoothly,2
809,expected disappointing experience,5
810,poor packaging arrived damaged happy purchase,3
811,excellent customer service support team helpful,3
812,satisfied purchase good value money,5
813,product meet expectation quality subpar,1
814,amazing experience everything went smoothly,2
815,great product satisfied quality service,5
816,satisfied purchase good value money,3
817,satisfied purchase good value money,4
818,satisfied purchase good value money,5
819,terrible customer support respond email,4
820,expected disappointing experience,3
821,loved would definitely recommend friend family,4
822,expected disappointing experience,3
823,amazing experience everything went smoothly,2
824,product okay shipping took long,1
825,product meet expectation quality subpar,3
826,satisfied purchase good value money,5
827,satisfied purchase good value money,3
828,loved would definitely recommend friend family,3
829,poor packaging arrived damaged happy purchase,2
830,product meet expectation quality subpar,1
831,terrible customer support respond email,2
832,expected disappointing experience,1
833,satisfied purchase good value money,3
834,poor packaging arrived damaged happy purchase,3
835,expected disappointing experience,4
836,poor packaging arrived damaged happy purchase,1
837,satisfied purchase good value money,2
838,expected disappointing experience,1
839,amazing experience everything went smoothly,4
840,satisfied purchase good value money,4
841,product meet expectation quality subpar,1
842,satisfied purchase good value money,1
843,terrible customer support respond email,4
844,poor packaging arrived damaged happy purchase,2
845,loved would definitely recommend friend family,1
846,great product satisfied quality service,3
847,great product satisfied quality service,2
848,poor packaging arrived damaged happy purchase,4
849,amazing experience everything went smoothly,3
850,terrible customer support respond email,4
851,great product satisfied quality service,2
852,loved would definitely recommend friend family,4
853,terrible customer support respond email,4
854,product meet expectation quality subpar,4
855,product okay shipping took long,1
856,expected disappointing experience,2
857,excellent customer service support team helpful,4
858,terrible customer support respond email,1
859,satisfied purchase good value money,4
860,terrible customer support respond email,5
861,terrible customer support respond email,3
862,terrible customer support respond email,1
863,terrible customer support respond email,1
864,satisfied purchase good value money,5
865,amazing experience everything went smoothly,3
866,product meet expectation quality subpar,3
867,product okay shipping took long,3
868,excellent customer service support team helpful,4
869,amazing experience everything went smoothly,2
870,excellent customer service support team helpful,3
871,loved would definitely recommend friend family,4
872,poor packaging arrived damaged happy purchase,1
873,product okay shipping took long,4
874,product meet expectation quality subpar,1
875,satisfied purchase good value money,5
876,poor packaging arrived damaged happy purchase,3
877,product meet expectation quality subpar,5
878,satisfied purchase good value money,3
879,product meet expectation quality subpar,4
880,excellent customer service support team helpful,2
881,great product satisfied quality service,3
882,product meet expectation quality subpar,4
883,expected disappointing experience,1
884,satisfied purchase good value money,3
885,product okay shipping took long,2
886,terrible customer support respond email,2
887,product okay shipping took long,4
888,product okay shipping took long,2
889,great product satisfied quality service,4
890,expected disappointing experience,2
891,excellent customer service support team helpful,4
892,amazing experience everything went smoothly,1
893,expected disappointing experience,3
894,loved would definitely recommend friend family,4
895,satisfied purchase good value money,2
896,product meet expectation quality subpar,2
897,amazing experience everything went smoothly,1
898,terrible customer support respond email,3
899,loved would definitely recommend friend family,4
900,excellent customer service support team helpful,4
901,product meet expectation quality subpar,5
902,amazing experience everything went smoothly,5
903,product okay shipping took long,3
904,product meet expectation quality subpar,1
905,amazing experience everything went smoothly,2
906,terrible customer support respond email,5
907,product okay shipping took long,5
908,expected disappointing experience,2
909,amazing experience everything went smoothly,4
910,loved would definitely recommend friend family,2
911,terrible customer support respond email,1
912,excellent customer service support team helpful,4
913,expected disappointing experience,1
914,loved would definitely recommend friend family,5
915,amazing experience everything went smoothly,3
916,great product satisfied quality service,1
917,amazing experience everything went smoothly,5
918,satisfied purchase good value money,2
919,excellent customer service support team helpful,2
920,amazing experience everything went smoothly,2
921,terrible customer support respond email,5
922,amazing experience everything went smoothly,3
923,amazing experience everything went smoothly,1
924,loved would definitely recommend friend family,3
925,great product satisfied quality service,4
926,expected disappointing experience,4
927,great product satisfied quality service,5
928,loved would definitely recommend friend family,5
929,poor packaging arrived damaged happy purchase,5
930,expected disappointing experience,5
931,poor packaging arrived damaged happy purchase,5
932,satisfied purchase good value money,5
933,loved would definitely recommend friend family,1
934,poor packaging arrived damaged happy purchase,5
935,terrible customer support respond email,1
936,amazing experience everything went smoothly,1
937,product okay shipping took long,4
938,great product satisfied quality service,3
939,product meet expectation quality subpar,2
940,excellent customer service support team helpful,2
941,expected disappointing experience,4
942,product okay shipping took long,5
943,poor packaging arrived damaged happy purchase,3
944,amazing experience everything went smoothly,2
945,loved would definitely recommend friend family,2
946,terrible customer support respond email,2
947,excellent customer service support team helpful,5
948,product okay shipping took long,4
949,loved would definitely recommend friend family,4
950,satisfied purchase good value money,5
951,loved would definitely recommend friend family,5
952,amazing experience everything went smoothly,4
953,amazing experience everything went smoothly,5
954,product meet expectation quality subpar,4
955,great product satisfied quality service,2
956,expected disappointing experience,2
957,great product satisfied quality service,3
958,loved would definitely recommend friend family,5
959,expected disappointing experience,5
960,terrible customer support respond email,5
961,product meet expectation quality subpar,3
962,terrible customer support respond email,4
963,satisfied purchase good value money,4
964,expected disappointing experience,1
965,expected disappointing experience,2
966,expected disappointing experience,5
967,expected disappointing experience,3
968,excellent customer service support team helpful,1
969,loved would definitely recommend friend family,2
970,terrible customer support respond email,3
971,great product satisfied quality service,4
972,excellent customer service support team helpful,1
973,product meet expectation quality subpar,4
974,expected disappointing experience,3
975,amazing experience everything went smoothly,1
976,product okay shipping took long,5
977,terrible customer support respond email,1
978,product okay shipping took long,3
979,amazing experience everything went smoothly,4
980,satisfied purchase good value money,5
981,excellent customer service support team helpful,3
982,great product satisfied quality service,2
983,product meet expectation quality subpar,5
984,terrible customer support respond email,1
985,poor packaging arrived damaged happy purchase,5
986,great product satisfied quality service,5
987,terrible customer support respond email,2
988,great product satisfied quality service,3
989,excellent customer service support team helpful,3
990,satisfied purchase good value money,3
991,product meet expectation quality subpar,2
992,terrible customer support respond email,2
993,loved would definitely recommend friend family,5
994,satisfied purchase good value money,5
995,great product satisfied quality service,4
996,loved would definitely recommend friend family,4
997,poor packaging arrived damaged happy purchase,4
998,excellent customer service support team helpful,5
999,amazing experience everything went smoothly,2
1000,excellent customer service support team helpful,4
