Review_ID,Customer_Review,Rating
1,"Terrible customer support, they did not respond to my emails.",2
2,"Great product, very satisfied with the quality and service!",2
3,"Product is okay, but shipping took too long.",1
4,"Poor packaging, arrived damaged. Not happy with the purchase.",4
5,"Great product, very satisfied with the quality and service!",1
6,"Excellent customer service, the support team was very helpful!",1
7,"Great product, very satisfied with the quality and service!",2
8,"Amazing experience, everything went smoothly!",4
9,Loved it! Would definitely recommend to my friends and family.,4
10,"Excellent customer service, the support team was very helpful!",4
11,"The product did not meet my expectations, quality was subpar.",5
12,"Product is okay, but shipping took too long.",2
13,"Product is okay, but shipping took too long.",4
14,"Not what I expected, very disappointing experience.",1
15,"Great product, very satisfied with the quality and service!",5
16,"Excellent customer service, the support team was very helpful!",5
17,"Amazing experience, everything went smoothly!",5
18,"Satisfied with the purchase, good value for money.",2
19,"Great product, very satisfied with the quality and service!",4
20,"Poor packaging, arrived damaged. Not happy with the purchase.",5
21,"The product did not meet my expectations, quality was subpar.",1
22,"Not what I expected, very disappointing experience.",2
23,"Great product, very satisfied with the quality and service!",1
24,"Satisfied with the purchase, good value for money.",1
25,"Excellent customer service, the support team was very helpful!",1
26,"Excellent customer service, the support team was very helpful!",1
27,"Satisfied with the purchase, good value for money.",3
28,"Not what I expected, very disappointing experience.",2
29,"Not what I expected, very disappointing experience.",5
30,"Amazing experience, everything went smoothly!",4
31,"Product is okay, but shipping took too long.",4
32,Loved it! Would definitely recommend to my friends and family.,5
33,"Excellent customer service, the support team was very helpful!",3
34,Loved it! Would definitely recommend to my friends and family.,5
35,"Terrible customer support, they did not respond to my emails.",2
36,"Great product, very satisfied with the quality and service!",2
37,"Poor packaging, arrived damaged. Not happy with the purchase.",4
38,Loved it! Would definitely recommend to my friends and family.,2
39,"Poor packaging, arrived damaged. Not happy with the purchase.",5
40,"Not what I expected, very disappointing experience.",2
41,"Product is okay, but shipping took too long.",2
42,"Amazing experience, everything went smoothly!",2
43,"Poor packaging, arrived damaged. Not happy with the purchase.",2
44,"Not what I expected, very disappointing experience.",1
45,"Satisfied with the purchase, good value for money.",5
46,"Excellent customer service, the support team was very helpful!",1
47,"Excellent customer service, the support team was very helpful!",4
48,"Amazing experience, everything went smoothly!",4
49,"Poor packaging, arrived damaged. Not happy with the purchase.",4
50,"Amazing experience, everything went smoothly!",4
51,"Terrible customer support, they did not respond to my emails.",1
52,"Product is okay, but shipping took too long.",5
53,"Amazing experience, everything went smoothly!",3
54,Loved it! Would definitely recommend to my friends and family.,2
55,"The product did not meet my expectations, quality was subpar.",3
56,"Satisfied with the purchase, good value for money.",1
57,Loved it! Would definitely recommend to my friends and family.,5
58,"Terrible customer support, they did not respond to my emails.",3
59,"Amazing experience, everything went smoothly!",5
60,"Satisfied with the purchase, good value for money.",4
61,"Satisfied with the purchase, good value for money.",2
62,"Poor packaging, arrived damaged. Not happy with the purchase.",5
63,"Amazing experience, everything went smoothly!",4
64,"Terrible customer support, they did not respond to my emails.",4
65,"The product did not meet my expectations, quality was subpar.",4
66,Loved it! Would definitely recommend to my friends and family.,3
67,"The product did not meet my expectations, quality was subpar.",3
68,"Satisfied with the purchase, good value for money.",4
69,"Great product, very satisfied with the quality and service!",2
70,"Amazing experience, everything went smoothly!",1
71,"Not what I expected, very disappointing experience.",5
72,"Satisfied with the purchase, good value for money.",1
73,"Satisfied with the purchase, good value for money.",1
74,Loved it! Would definitely recommend to my friends and family.,1
75,"Great product, very satisfied with the quality and service!",4
76,"Terrible customer support, they did not respond to my emails.",4
77,"Poor packaging, arrived damaged. Not happy with the purchase.",3
78,Loved it! Would definitely recommend to my friends and family.,5
79,"Not what I expected, very disappointing experience.",1
80,"Amazing experience, everything went smoothly!",5
81,"Great product, very satisfied with the quality and service!",1
82,"Product is okay, but shipping took too long.",3
83,"Poor packaging, arrived damaged. Not happy with the purchase.",3
84,"The product did not meet my expectations, quality was subpar.",4
85,"Amazing experience, everything went smoothly!",4
86,"Amazing experience, everything went smoothly!",2
87,"Satisfied with the purchase, good value for money.",5
88,"Poor packaging, arrived damaged. Not happy with the purchase.",4
89,Loved it! Would definitely recommend to my friends and family.,5
90,"Poor packaging, arrived damaged. Not happy with the purchase.",3
91,"Not what I expected, very disappointing experience.",2
92,"Poor packaging, arrived damaged. Not happy with the purchase.",3
93,"Amazing experience, everything went smoothly!",5
94,"The product did not meet my expectations, quality was subpar.",4
95,"Product is okay, but shipping took too long.",1
96,"Amazing experience, everything went smoothly!",3
97,"The product did not meet my expectations, quality was subpar.",4
98,"Product is okay, but shipping took too long.",3
99,Loved it! Would definitely recommend to my friends and family.,4
100,Loved it! Would definitely recommend to my friends and family.,4
101,"Not what I expected, very disappointing experience.",5
102,"Amazing experience, everything went smoothly!",2
103,Loved it! Would definitely recommend to my friends and family.,5
104,"Poor packaging, arrived damaged. Not happy with the purchase.",3
105,"Not what I expected, very disappointing experience.",1
106,"Terrible customer support, they did not respond to my emails.",1
107,"The product did not meet my expectations, quality was subpar.",1
108,"Terrible customer support, they did not respond to my emails.",1
109,"Not what I expected, very disappointing experience.",1
110,Loved it! Would definitely recommend to my friends and family.,4
111,"Not what I expected, very disappointing experience.",5
112,"Amazing experience, everything went smoothly!",5
113,"Product is okay, but shipping took too long.",1
114,"Excellent customer service, the support team was very helpful!",3
115,"Product is okay, but shipping took too long.",3
116,"Great product, very satisfied with the quality and service!",2
117,"Not what I expected, very disappointing experience.",3
118,"Excellent customer service, the support team was very helpful!",5
119,"Terrible customer support, they did not respond to my emails.",1
120,"Excellent customer service, the support team was very helpful!",3
121,Loved it! Would definitely recommend to my friends and family.,5
122,"Product is okay, but shipping took too long.",2
123,"The product did not meet my expectations, quality was subpar.",4
124,"Satisfied with the purchase, good value for money.",4
125,"The product did not meet my expectations, quality was subpar.",4
126,"Product is okay, but shipping took too long.",1
127,"Terrible customer support, they did not respond to my emails.",3
128,"Product is okay, but shipping took too long.",5
129,"Product is okay, but shipping took too long.",2
130,"Great product, very satisfied with the quality and service!",2
131,"Not what I expected, very disappointing experience.",2
132,Loved it! Would definitely recommend to my friends and family.,2
133,"Great product, very satisfied with the quality and service!",5
134,"Satisfied with the purchase, good value for money.",5
135,"Excellent customer service, the support team was very helpful!",4
136,"Terrible customer support, they did not respond to my emails.",3
137,"Amazing experience, everything went smoothly!",5
138,"Amazing experience, everything went smoothly!",2
139,"Amazing experience, everything went smoothly!",3
140,"Excellent customer service, the support team was very helpful!",5
141,"The product did not meet my expectations, quality was subpar.",1
142,"Amazing experience, everything went smoothly!",5
143,"The product did not meet my expectations, quality was subpar.",4
144,"Poor packaging, arrived damaged. Not happy with the purchase.",1
145,"The product did not meet my expectations, quality was subpar.",2
146,"Terrible customer support, they did not respond to my emails.",1
147,"Terrible customer support, they did not respond to my emails.",5
148,Loved it! Would definitely recommend to my friends and family.,3
149,"Great product, very satisfied with the quality and service!",2
150,"Great product, very satisfied with the quality and service!",4
151,"Terrible customer support, they did not respond to my emails.",3
152,"Poor packaging, arrived damaged. Not happy with the purchase.",3
153,Loved it! Would definitely recommend to my friends and family.,3
154,"Product is okay, but shipping took too long.",1
155,"Satisfied with the purchase, good value for money.",3
156,"Poor packaging, arrived damaged. Not happy with the purchase.",4
157,"Excellent customer service, the support team was very helpful!",3
158,"Not what I expected, very disappointing experience.",1
159,"Great product, very satisfied with the quality and service!",2
160,"The product did not meet my expectations, quality was subpar.",4
161,"Satisfied with the purchase, good value for money.",2
162,"Great product, very satisfied with the quality and service!",1
163,"The product did not meet my expectations, quality was subpar.",2
164,"Excellent customer service, the support team was very helpful!",3
165,"Product is okay, but shipping took too long.",4
166,Loved it! Would definitely recommend to my friends and family.,2
167,"The product did not meet my expectations, quality was subpar.",3
168,"Poor packaging, arrived damaged. Not happy with the purchase.",5
169,"Great product, very satisfied with the quality and service!",5
170,Loved it! Would definitely recommend to my friends and family.,2
171,"Great product, very satisfied with the quality and service!",2
172,"Not what I expected, very disappointing experience.",2
173,"Satisfied with the purchase, good value for money.",2
174,"Product is okay, but shipping took too long.",2
175,"Not what I expected, very disappointing experience.",3
176,"Product is okay, but shipping took too long.",4
177,"Excellent customer service, the support team was very helpful!",4
178,"Excellent customer service, the support team was very helpful!",4
179,"Satisfied with the purchase, good value for money.",3
180,"Satisfied with the purchase, good value for money.",1
181,"The product did not meet my expectations, quality was subpar.",3
182,"Product is okay, but shipping took too long.",1
183,Loved it! Would definitely recommend to my friends and family.,3
184,Loved it! Would definitely recommend to my friends and family.,5
185,"Amazing experience, everything went smoothly!",5
186,"The product did not meet my expectations, quality was subpar.",2
187,"Poor packaging, arrived damaged. Not happy with the purchase.",5
188,"Product is okay, but shipping took too long.",4
189,"Terrible customer support, they did not respond to my emails.",5
190,"Satisfied with the purchase, good value for money.",5
191,"Product is okay, but shipping took too long.",1
192,"Poor packaging, arrived damaged. Not happy with the purchase.",4
193,"Great product, very satisfied with the quality and service!",5
194,"Not what I expected, very disappointing experience.",5
195,Loved it! Would definitely recommend to my friends and family.,4
196,"Terrible customer support, they did not respond to my emails.",3
197,"Amazing experience, everything went smoothly!",4
198,"The product did not meet my expectations, quality was subpar.",2
199,"Terrible customer support, they did not respond to my emails.",2
200,"Terrible customer support, they did not respond to my emails.",5
201,"The product did not meet my expectations, quality was subpar.",3
202,"The product did not meet my expectations, quality was subpar.",1
203,"Poor packaging, arrived damaged. Not happy with the purchase.",4
204,"The product did not meet my expectations, quality was subpar.",5
205,Loved it! Would definitely recommend to my friends and family.,1
206,"Terrible customer support, they did not respond to my emails.",5
207,"The product did not meet my expectations, quality was subpar.",5
208,"Great product, very satisfied with the quality and service!",1
209,"Excellent customer service, the support team was very helpful!",5
210,"Excellent customer service, the support team was very helpful!",4
211,"Great product, very satisfied with the quality and service!",3
212,"The product did not meet my expectations, quality was subpar.",4
213,"Satisfied with the purchase, good value for money.",4
214,Loved it! Would definitely recommend to my friends and family.,2
215,"Product is okay, but shipping took too long.",3
216,"Excellent customer service, the support team was very helpful!",4
217,"Great product, very satisfied with the quality and service!",5
218,Loved it! Would definitely recommend to my friends and family.,2
219,"Great product, very satisfied with the quality and service!",5
220,"Product is okay, but shipping took too long.",1
221,"Great product, very satisfied with the quality and service!",2
222,"Poor packaging, arrived damaged. Not happy with the purchase.",2
223,"Terrible customer support, they did not respond to my emails.",2
224,"Great product, very satisfied with the quality and service!",4
225,"Amazing experience, everything went smoothly!",5
226,"Poor packaging, arrived damaged. Not happy with the purchase.",3
227,"Satisfied with the purchase, good value for money.",3
228,"Terrible customer support, they did not respond to my emails.",5
229,"Excellent customer service, the support team was very helpful!",3
230,"Amazing experience, everything went smoothly!",2
231,"Product is okay, but shipping took too long.",2
232,Loved it! Would definitely recommend to my friends and family.,5
233,"Excellent customer service, the support team was very helpful!",1
234,"Product is okay, but shipping took too long.",4
235,"The product did not meet my expectations, quality was subpar.",1
236,"Terrible customer support, they did not respond to my emails.",4
237,"Poor packaging, arrived damaged. Not happy with the purchase.",4
238,"Excellent customer service, the support team was very helpful!",2
239,"Terrible customer support, they did not respond to my emails.",1
240,Loved it! Would definitely recommend to my friends and family.,1
241,"Satisfied with the purchase, good value for money.",2
242,Loved it! Would definitely recommend to my friends and family.,5
243,"Poor packaging, arrived damaged. Not happy with the purchase.",5
244,"The product did not meet my expectations, quality was subpar.",4
245,"The product did not meet my expectations, quality was subpar.",5
246,"The product did not meet my expectations, quality was subpar.",3
247,"Great product, very satisfied with the quality and service!",4
248,"Great product, very satisfied with the quality and service!",1
249,"Terrible customer support, they did not respond to my emails.",1
250,"Not what I expected, very disappointing experience.",4
251,"Amazing experience, everything went smoothly!",2
252,"Terrible customer support, they did not respond to my emails.",1
253,"Excellent customer service, the support team was very helpful!",5
254,Loved it! Would definitely recommend to my friends and family.,2
255,"Amazing experience, everything went smoothly!",4
256,"Amazing experience, everything went smoothly!",2
257,"Satisfied with the purchase, good value for money.",5
258,"Satisfied with the purchase, good value for money.",1
259,"Amazing experience, everything went smoothly!",1
260,"Poor packaging, arrived damaged. Not happy with the purchase.",3
261,"The product did not meet my expectations, quality was subpar.",5
262,"Poor packaging, arrived damaged. Not happy with the purchase.",3
263,"The product did not meet my expectations, quality was subpar.",1
264,"Poor packaging, arrived damaged. Not happy with the purchase.",2
265,"Excellent customer service, the support team was very helpful!",4
266,"Excellent customer service, the support team was very helpful!",1
267,"Poor packaging, arrived damaged. Not happy with the purchase.",5
268,"The product did not meet my expectations, quality was subpar.",5
269,"Not what I expected, very disappointing experience.",5
270,"Amazing experience, everything went smoothly!",4
271,"Product is okay, but shipping took too long.",3
272,"Product is okay, but shipping took too long.",5
273,"Product is okay, but shipping took too long.",4
274,"The product did not meet my expectations, quality was subpar.",3
275,"The product did not meet my expectations, quality was subpar.",4
276,"Product is okay, but shipping took too long.",4
277,"Terrible customer support, they did not respond to my emails.",3
278,"Amazing experience, everything went smoothly!",1
279,"Poor packaging, arrived damaged. Not happy with the purchase.",1
280,"Not what I expected, very disappointing experience.",3
281,"Product is okay, but shipping took too long.",2
282,"Product is okay, but shipping took too long.",1
283,"The product did not meet my expectations, quality was subpar.",3
284,"The product did not meet my expectations, quality was subpar.",1
285,"Product is okay, but shipping took too long.",3
286,"Satisfied with the purchase, good value for money.",5
287,Loved it! Would definitely recommend to my friends and family.,2
288,"Excellent customer service, the support team was very helpful!",4
289,"Amazing experience, everything went smoothly!",5
290,Loved it! Would definitely recommend to my friends and family.,3
291,"The product did not meet my expectations, quality was subpar.",4
292,Loved it! Would definitely recommend to my friends and family.,2
293,"The product did not meet my expectations, quality was subpar.",5
294,Loved it! Would definitely recommend to my friends and family.,2
295,"Terrible customer support, they did not respond to my emails.",1
296,"Satisfied with the purchase, good value for money.",3
297,Loved it! Would definitely recommend to my friends and family.,3
298,"Excellent customer service, the support team was very helpful!",5
299,"Satisfied with the purchase, good value for money.",4
300,Loved it! Would definitely recommend to my friends and family.,1
301,"The product did not meet my expectations, quality was subpar.",5
302,"Amazing experience, everything went smoothly!",5
303,"Satisfied with the purchase, good value for money.",4
304,Loved it! Would definitely recommend to my friends and family.,2
305,"Satisfied with the purchase, good value for money.",2
306,"Poor packaging, arrived damaged. Not happy with the purchase.",2
307,"The product did not meet my expectations, quality was subpar.",5
308,"Amazing experience, everything went smoothly!",4
309,"Not what I expected, very disappointing experience.",3
310,"Product is okay, but shipping took too long.",2
311,"Poor packaging, arrived damaged. Not happy with the purchase.",2
312,"Satisfied with the purchase, good value for money.",5
313,"Not what I expected, very disappointing experience.",3
314,"Not what I expected, very disappointing experience.",4
315,"Poor packaging, arrived damaged. Not happy with the purchase.",2
316,"The product did not meet my expectations, quality was subpar.",3
317,"Satisfied with the purchase, good value for money.",1
318,"The product did not meet my expectations, quality was subpar.",3
319,"Poor packaging, arrived damaged. Not happy with the purchase.",4
320,"Excellent customer service, the support team was very helpful!",1
321,Loved it! Would definitely recommend to my friends and family.,3
322,"Great product, very satisfied with the quality and service!",5
323,"Product is okay, but shipping took too long.",2
324,Loved it! Would definitely recommend to my friends and family.,4
325,"Product is okay, but shipping took too long.",1
326,"Great product, very satisfied with the quality and service!",3
327,"Excellent customer service, the support team was very helpful!",1
328,"Great product, very satisfied with the quality and service!",4
329,"Poor packaging, arrived damaged. Not happy with the purchase.",5
330,"Excellent customer service, the support team was very helpful!",5
331,"Terrible customer support, they did not respond to my emails.",5
332,"Satisfied with the purchase, good value for money.",5
333,"Poor packaging, arrived damaged. Not happy with the purchase.",5
334,"Not what I expected, very disappointing experience.",2
335,"Terrible customer support, they did not respond to my emails.",5
336,"Product is okay, but shipping took too long.",4
337,"Excellent customer service, the support team was very helpful!",3
338,"Terrible customer support, they did not respond to my emails.",3
339,Loved it! Would definitely recommend to my friends and family.,5
340,"Not what I expected, very disappointing experience.",1
341,"Amazing experience, everything went smoothly!",3
342,"Terrible customer support, they did not respond to my emails.",5
343,"Poor packaging, arrived damaged. Not happy with the purchase.",2
344,"Amazing experience, everything went smoothly!",5
345,"Great product, very satisfied with the quality and service!",1
346,"Amazing experience, everything went smoothly!",4
347,"Terrible customer support, they did not respond to my emails.",1
348,"Product is okay, but shipping took too long.",3
349,"Amazing experience, everything went smoothly!",1
350,"Terrible customer support, they did not respond to my emails.",4
351,"Terrible customer support, they did not respond to my emails.",1
352,Loved it! Would definitely recommend to my friends and family.,3
353,"Excellent customer service, the support team was very helpful!",5
354,"Terrible customer support, they did not respond to my emails.",3
355,"Terrible customer support, they did not respond to my emails.",3
356,"Product is okay, but shipping took too long.",3
357,"Not what I expected, very disappointing experience.",1
358,"Amazing experience, everything went smoothly!",4
359,"Poor packaging, arrived damaged. Not happy with the purchase.",5
360,"Great product, very satisfied with the quality and service!",5
361,"The product did not meet my expectations, quality was subpar.",4
362,"The product did not meet my expectations, quality was subpar.",4
363,"The product did not meet my expectations, quality was subpar.",4
364,"Terrible customer support, they did not respond to my emails.",2
365,Loved it! Would definitely recommend to my friends and family.,4
366,"Amazing experience, everything went smoothly!",3
367,"Product is okay, but shipping took too long.",2
368,"Satisfied with the purchase, good value for money.",1
369,Loved it! Would definitely recommend to my friends and family.,4
370,"The product did not meet my expectations, quality was subpar.",1
371,"Product is okay, but shipping took too long.",2
372,"The product did not meet my expectations, quality was subpar.",5
373,"Excellent customer service, the support team was very helpful!",2
374,"The product did not meet my expectations, quality was subpar.",2
375,Loved it! Would definitely recommend to my friends and family.,4
376,"Excellent customer service, the support team was very helpful!",3
377,"Terrible customer support, they did not respond to my emails.",2
378,Loved it! Would definitely recommend to my friends and family.,3
379,"Not what I expected, very disappointing experience.",1
380,"Great product, very satisfied with the quality and service!",2
381,"Product is okay, but shipping took too long.",2
382,"Product is okay, but shipping took too long.",1
383,"Great product, very satisfied with the quality and service!",2
384,"Amazing experience, everything went smoothly!",4
385,"The product did not meet my expectations, quality was subpar.",2
386,"Satisfied with the purchase, good value for money.",1
387,"Excellent customer service, the support team was very helpful!",1
388,"Poor packaging, arrived damaged. Not happy with the purchase.",3
389,"The product did not meet my expectations, quality was subpar.",5
390,"Poor packaging, arrived damaged. Not happy with the purchase.",2
391,"Not what I expected, very disappointing experience.",3
392,"The product did not meet my expectations, quality was subpar.",4
393,"Excellent customer service, the support team was very helpful!",4
394,"Excellent customer service, the support team was very helpful!",2
395,"Product is okay, but shipping took too long.",1
396,"Amazing experience, everything went smoothly!",3
397,"Satisfied with the purchase, good value for money.",2
398,"Terrible customer support, they did not respond to my emails.",4
399,"Terrible customer support, they did not respond to my emails.",2
400,"Not what I expected, very disappointing experience.",1
401,"Satisfied with the purchase, good value for money.",1
402,Loved it! Would definitely recommend to my friends and family.,5
403,"The product did not meet my expectations, quality was subpar.",3
404,"Product is okay, but shipping took too long.",3
405,"Terrible customer support, they did not respond to my emails.",4
406,"Terrible customer support, they did not respond to my emails.",2
407,"Not what I expected, very disappointing experience.",2
408,"Great product, very satisfied with the quality and service!",2
409,"Amazing experience, everything went smoothly!",4
410,"Not what I expected, very disappointing experience.",4
411,Loved it! Would definitely recommend to my friends and family.,2
412,"Poor packaging, arrived damaged. Not happy with the purchase.",3
413,"Excellent customer service, the support team was very helpful!",5
414,"Satisfied with the purchase, good value for money.",1
415,"Poor packaging, arrived damaged. Not happy with the purchase.",4
416,"Not what I expected, very disappointing experience.",1
417,"The product did not meet my expectations, quality was subpar.",3
418,"Excellent customer service, the support team was very helpful!",2
419,Loved it! Would definitely recommend to my friends and family.,4
420,"Terrible customer support, they did not respond to my emails.",1
421,"Not what I expected, very disappointing experience.",1
422,"Excellent customer service, the support team was very helpful!",3
423,"Product is okay, but shipping took too long.",1
424,"Not what I expected, very disappointing experience.",2
425,"Terrible customer support, they did not respond to my emails.",4
426,Loved it! Would definitely recommend to my friends and family.,2
427,"Excellent customer service, the support team was very helpful!",3
428,"Not what I expected, very disappointing experience.",1
429,"Amazing experience, everything went smoothly!",5
430,"Amazing experience, everything went smoothly!",1
431,"Satisfied with the purchase, good value for money.",4
432,Loved it! Would definitely recommend to my friends and family.,1
433,"Product is okay, but shipping took too long.",1
434,"Amazing experience, everything went smoothly!",3
435,"The product did not meet my expectations, quality was subpar.",1
436,"Product is okay, but shipping took too long.",3
437,Loved it! Would definitely recommend to my friends and family.,2
438,"Poor packaging, arrived damaged. Not happy with the purchase.",1
439,"Product is okay, but shipping took too long.",3
440,"Satisfied with the purchase, good value for money.",5
441,"Amazing experience, everything went smoothly!",5
442,"Satisfied with the purchase, good value for money.",5
443,"Excellent customer service, the support team was very helpful!",5
444,"Great product, very satisfied with the quality and service!",4
445,"Great product, very satisfied with the quality and service!",4
446,"Great product, very satisfied with the quality and service!",5
447,"Satisfied with the purchase, good value for money.",5
448,"Amazing experience, everything went smoothly!",4
449,"Poor packaging, arrived damaged. Not happy with the purchase.",2
450,"Excellent customer service, the support team was very helpful!",3
451,"Great product, very satisfied with the quality and service!",5
452,"Great product, very satisfied with the quality and service!",2
453,Loved it! Would definitely recommend to my friends and family.,1
454,"Product is okay, but shipping took too long.",2
455,"The product did not meet my expectations, quality was subpar.",2
456,"Great product, very satisfied with the quality and service!",1
457,"Poor packaging, arrived damaged. Not happy with the purchase.",3
458,"Excellent customer service, the support team was very helpful!",2
459,Loved it! Would definitely recommend to my friends and family.,2
460,Loved it! Would definitely recommend to my friends and family.,5
461,"Not what I expected, very disappointing experience.",4
462,"Product is okay, but shipping took too long.",4
463,"Product is okay, but shipping took too long.",3
464,"Satisfied with the purchase, good value for money.",2
465,"Product is okay, but shipping took too long.",2
466,"Amazing experience, everything went smoothly!",4
467,"Excellent customer service, the support team was very helpful!",3
468,"Satisfied with the purchase, good value for money.",3
469,"The product did not meet my expectations, quality was subpar.",3
470,"Excellent customer service, the support team was very helpful!",3
471,"Not what I expected, very disappointing experience.",2
472,"The product did not meet my expectations, quality was subpar.",1
473,"The product did not meet my expectations, quality was subpar.",3
474,"Excellent customer service, the support team was very helpful!",3
475,"Poor packaging, arrived damaged. Not happy with the purchase.",1
476,"The product did not meet my expectations, quality was subpar.",1
477,"Terrible customer support, they did not respond to my emails.",3
478,Loved it! Would definitely recommend to my friends and family.,2
479,"Not what I expected, very disappointing experience.",3
480,"Excellent customer service, the support team was very helpful!",2
481,"Amazing experience, everything went smoothly!",3
482,"Not what I expected, very disappointing experience.",5
483,"Poor packaging, arrived damaged. Not happy with the purchase.",5
484,"Not what I expected, very disappointing experience.",3
485,"Poor packaging, arrived damaged. Not happy with the purchase.",4
486,"Amazing experience, everything went smoothly!",5
487,"Poor packaging, arrived damaged. Not happy with the purchase.",1
488,"Amazing experience, everything went smoothly!",2
489,Loved it! Would definitely recommend to my friends and family.,5
490,"Terrible customer support, they did not respond to my emails.",3
491,"Product is okay, but shipping took too long.",1
492,"Terrible customer support, they did not respond to my emails.",4
493,"Excellent customer service, the support team was very helpful!",5
494,"Amazing experience, everything went smoothly!",4
495,Loved it! Would definitely recommend to my friends and family.,5
496,"Great product, very satisfied with the quality and service!",4
497,"The product did not meet my expectations, quality was subpar.",1
498,"Satisfied with the purchase, good value for money.",1
499,"Product is okay, but shipping took too long.",5
500,"Poor packaging, arrived damaged. Not happy with the purchase.",2
501,"Poor packaging, arrived damaged. Not happy with the purchase.",1
502,"Amazing experience, everything went smoothly!",5
503,"Product is okay, but shipping took too long.",1
504,"Terrible customer support, they did not respond to my emails.",5
505,Loved it! Would definitely recommend to my friends and family.,1
506,"Excellent customer service, the support team was very helpful!",2
507,"Not what I expected, very disappointing experience.",3
508,"Not what I expected, very disappointing experience.",5
509,"Poor packaging, arrived damaged. Not happy with the purchase.",1
510,"Not what I expected, very disappointing experience.",2
511,"Terrible customer support, they did not respond to my emails.",1
512,"Not what I expected, very disappointing experience.",1
513,"Amazing experience, everything went smoothly!",5
514,"Product is okay, but shipping took too long.",2
515,"Terrible customer support, they did not respond to my emails.",1
516,"The product did not meet my expectations, quality was subpar.",4
517,"Not what I expected, very disappointing experience.",5
518,"Poor packaging, arrived damaged. Not happy with the purchase.",5
519,"Satisfied with the purchase, good value for money.",2
520,Loved it! Would definitely recommend to my friends and family.,1
521,"Satisfied with the purchase, good value for money.",4
522,"Excellent customer service, the support team was very helpful!",2
523,"Product is okay, but shipping took too long.",3
524,"Amazing experience, everything went smoothly!",1
525,"Excellent customer service, the support team was very helpful!",5
526,"Excellent customer service, the support team was very helpful!",5
527,"Great product, very satisfied with the quality and service!",1
528,"Great product, very satisfied with the quality and service!",4
529,"The product did not meet my expectations, quality was subpar.",1
530,"Excellent customer service, the support team was very helpful!",5
531,"Excellent customer service, the support team was very helpful!",5
532,"Not what I expected, very disappointing experience.",3
533,"Not what I expected, very disappointing experience.",1
534,"Terrible customer support, they did not respond to my emails.",3
535,"Great product, very satisfied with the quality and service!",2
536,Loved it! Would definitely recommend to my friends and family.,4
537,"Satisfied with the purchase, good value for money.",3
538,"Terrible customer support, they did not respond to my emails.",4
539,"Not what I expected, very disappointing experience.",2
540,Loved it! Would definitely recommend to my friends and family.,3
541,"Great product, very satisfied with the quality and service!",3
542,"Excellent customer service, the support team was very helpful!",2
543,"Product is okay, but shipping took too long.",2
544,"The product did not meet my expectations, quality was subpar.",2
545,"Product is okay, but shipping took too long.",2
546,"Product is okay, but shipping took too long.",3
547,"Great product, very satisfied with the quality and service!",3
548,"Satisfied with the purchase, good value for money.",3
549,"Satisfied with the purchase, good value for money.",4
550,"The product did not meet my expectations, quality was subpar.",2
551,"Great product, very satisfied with the quality and service!",5
552,"Amazing experience, everything went smoothly!",5
553,"Product is okay, but shipping took too long.",5
554,"Amazing experience, everything went smoothly!",5
555,"Excellent customer service, the support team was very helpful!",3
556,"Amazing experience, everything went smoothly!",3
557,"Amazing experience, everything went smoothly!",3
558,"Terrible customer support, they did not respond to my emails.",3
559,"Great product, very satisfied with the quality and service!",1
560,"The product did not meet my expectations, quality was subpar.",3
561,"Poor packaging, arrived damaged. Not happy with the purchase.",2
562,"Satisfied with the purchase, good value for money.",4
563,"Great product, very satisfied with the quality and service!",4
564,"Amazing experience, everything went smoothly!",1
565,Loved it! Would definitely recommend to my friends and family.,4
566,"Product is okay, but shipping took too long.",3
567,"Poor packaging, arrived damaged. Not happy with the purchase.",3
568,"Amazing experience, everything went smoothly!",2
569,"Amazing experience, everything went smoothly!",3
570,"Terrible customer support, they did not respond to my emails.",3
571,"Great product, very satisfied with the quality and service!",2
572,Loved it! Would definitely recommend to my friends and family.,1
573,Loved it! Would definitely recommend to my friends and family.,2
574,"The product did not meet my expectations, quality was subpar.",4
575,"The product did not meet my expectations, quality was subpar.",2
576,"The product did not meet my expectations, quality was subpar.",2
577,"Product is okay, but shipping took too long.",5
578,Loved it! Would definitely recommend to my friends and family.,1
579,"Satisfied with the purchase, good value for money.",2
580,"Satisfied with the purchase, good value for money.",4
581,"Excellent customer service, the support team was very helpful!",2
582,"Product is okay, but shipping took too long.",4
583,"Great product, very satisfied with the quality and service!",3
584,"Excellent customer service, the support team was very helpful!",3
585,"Satisfied with the purchase, good value for money.",2
586,"Product is okay, but shipping took too long.",2
587,"Amazing experience, everything went smoothly!",2
588,"The product did not meet my expectations, quality was subpar.",4
589,"Not what I expected, very disappointing experience.",5
590,"Satisfied with the purchase, good value for money.",1
591,"Amazing experience, everything went smoothly!",4
592,"The product did not meet my expectations, quality was subpar.",5
593,"The product did not meet my expectations, quality was subpar.",3
594,"Excellent customer service, the support team was very helpful!",3
595,"Product is okay, but shipping took too long.",1
596,"The product did not meet my expectations, quality was subpar.",5
597,"Great product, very satisfied with the quality and service!",4
598,"Amazing experience, everything went smoothly!",4
599,"Amazing experience, everything went smoothly!",5
600,"Satisfied with the purchase, good value for money.",3
601,"Not what I expected, very disappointing experience.",3
602,"Amazing experience, everything went smoothly!",5
603,"Amazing experience, everything went smoothly!",2
604,"The product did not meet my expectations, quality was subpar.",3
605,"Amazing experience, everything went smoothly!",5
606,Loved it! Would definitely recommend to my friends and family.,5
607,"Not what I expected, very disappointing experience.",2
608,"Product is okay, but shipping took too long.",3
609,"Excellent customer service, the support team was very helpful!",5
610,Loved it! Would definitely recommend to my friends and family.,3
611,"Excellent customer service, the support team was very helpful!",3
612,"Product is okay, but shipping took too long.",4
613,"Poor packaging, arrived damaged. Not happy with the purchase.",2
614,"Amazing experience, everything went smoothly!",5
615,"Terrible customer support, they did not respond to my emails.",3
616,"Product is okay, but shipping took too long.",3
617,"The product did not meet my expectations, quality was subpar.",4
618,"Product is okay, but shipping took too long.",2
619,"Satisfied with the purchase, good value for money.",5
620,"Poor packaging, arrived damaged. Not happy with the purchase.",4
621,"Excellent customer service, the support team was very helpful!",3
622,"Satisfied with the purchase, good value for money.",3
623,"Great product, very satisfied with the quality and service!",3
624,"Not what I expected, very disappointing experience.",4
625,"The product did not meet my expectations, quality was subpar.",1
626,"Excellent customer service, the support team was very helpful!",1
627,"Satisfied with the purchase, good value for money.",5
628,"Excellent customer service, the support team was very helpful!",2
629,Loved it! Would definitely recommend to my friends and family.,4
630,"Poor packaging, arrived damaged. Not happy with the purchase.",4
631,"Poor packaging, arrived damaged. Not happy with the purchase.",3
632,"Terrible customer support, they did not respond to my emails.",4
633,"Satisfied with the purchase, good value for money.",2
634,"Product is okay, but shipping took too long.",3
635,"Product is okay, but shipping took too long.",4
636,Loved it! Would definitely recommend to my friends and family.,1
637,"Excellent customer service, the support team was very helpful!",3
638,"Terrible customer support, they did not respond to my emails.",3
639,"Not what I expected, very disappointing experience.",5
640,"Not what I expected, very disappointing experience.",4
641,Loved it! Would definitely recommend to my friends and family.,4
642,"The product did not meet my expectations, quality was subpar.",3
643,"The product did not meet my expectations, quality was subpar.",4
644,"Product is okay, but shipping took too long.",1
645,"Amazing experience, everything went smoothly!",3
646,"Great product, very satisfied with the quality and service!",3
647,"Great product, very satisfied with the quality and service!",5
648,"The product did not meet my expectations, quality was subpar.",1
649,"Great product, very satisfied with the quality and service!",3
650,"Great product, very satisfied with the quality and service!",2
651,"Not what I expected, very disappointing experience.",5
652,"Terrible customer support, they did not respond to my emails.",1
653,"Terrible customer support, they did not respond to my emails.",1
654,"Not what I expected, very disappointing experience.",5
655,"Satisfied with the purchase, good value for money.",4
656,"Poor packaging, arrived damaged. Not happy with the purchase.",4
657,"Not what I expected, very disappointing experience.",5
658,"Not what I expected, very disappointing experience.",5
659,"Poor packaging, arrived damaged. Not happy with the purchase.",2
660,"Product is okay, but shipping took too long.",2
661,"Terrible customer support, they did not respond to my emails.",5
662,"Excellent customer service, the support team was very helpful!",5
663,"Amazing experience, everything went smoothly!",4
664,"Poor packaging, arrived damaged. Not happy with the purchase.",5
665,"Poor packaging, arrived damaged. Not happy with the purchase.",1
666,Loved it! Would definitely recommend to my friends and family.,4
667,"Great product, very satisfied with the quality and service!",5
668,"Poor packaging, arrived damaged. Not happy with the purchase.",4
669,"The product did not meet my expectations, quality was subpar.",1
670,"Amazing experience, everything went smoothly!",1
671,Loved it! Would definitely recommend to my friends and family.,3
672,"Poor packaging, arrived damaged. Not happy with the purchase.",3
673,"Poor packaging, arrived damaged. Not happy with the purchase.",1
674,"Terrible customer support, they did not respond to my emails.",5
675,"Satisfied with the purchase, good value for money.",5
676,"Great product, very satisfied with the quality and service!",4
677,"Satisfied with the purchase, good value for money.",5
678,"Terrible customer support, they did not respond to my emails.",4
679,"Not what I expected, very disappointing experience.",3
680,Loved it! Would definitely recommend to my friends and family.,5
681,"Great product, very satisfied with the quality and service!",5
682,"Great product, very satisfied with the quality and service!",3
683,"The product did not meet my expectations, quality was subpar.",5
684,"The product did not meet my expectations, quality was subpar.",1
685,"Not what I expected, very disappointing experience.",1
686,"Satisfied with the purchase, good value for money.",1
687,"Product is okay, but shipping took too long.",3
688,"Not what I expected, very disappointing experience.",3
689,"Satisfied with the purchase, good value for money.",5
690,"The product did not meet my expectations, quality was subpar.",1
691,"Excellent customer service, the support team was very helpful!",1
692,"Satisfied with the purchase, good value for money.",1
693,"Excellent customer service, the support team was very helpful!",1
694,"Poor packaging, arrived damaged. Not happy with the purchase.",1
695,"Not what I expected, very disappointing experience.",1
696,"Poor packaging, arrived damaged. Not happy with the purchase.",1
697,"Poor packaging, arrived damaged. Not happy with the purchase.",3
698,"Product is okay, but shipping took too long.",1
699,"Amazing experience, everything went smoothly!",5
700,"Terrible customer support, they did not respond to my emails.",4
701,"Poor packaging, arrived damaged. Not happy with the purchase.",3
702,"The product did not meet my expectations, quality was subpar.",3
703,"Satisfied with the purchase, good value for money.",1
704,"The product did not meet my expectations, quality was subpar.",3
705,"Product is okay, but shipping took too long.",5
706,"Excellent customer service, the support team was very helpful!",2
707,"The product did not meet my expectations, quality was subpar.",1
708,"Terrible customer support, they did not respond to my emails.",5
709,"Satisfied with the purchase, good value for money.",1
710,"Poor packaging, arrived damaged. Not happy with the purchase.",4
711,"Great product, very satisfied with the quality and service!",1
712,"Terrible customer support, they did not respond to my emails.",3
713,"Satisfied with the purchase, good value for money.",4
714,"Poor packaging, arrived damaged. Not happy with the purchase.",1
715,"The product did not meet my expectations, quality was subpar.",1
716,"Terrible customer support, they did not respond to my emails.",1
717,"Product is okay, but shipping took too long.",3
718,"Terrible customer support, they did not respond to my emails.",4
719,"Great product, very satisfied with the quality and service!",4
720,"Terrible customer support, they did not respond to my emails.",4
721,"Great product, very satisfied with the quality and service!",2
722,"Terrible customer support, they did not respond to my emails.",4
723,"Amazing experience, everything went smoothly!",4
724,"Terrible customer support, they did not respond to my emails.",3
725,"Satisfied with the purchase, good value for money.",1
726,"Product is okay, but shipping took too long.",3
727,"Satisfied with the purchase, good value for money.",5
728,"Poor packaging, arrived damaged. Not happy with the purchase.",1
729,"Terrible customer support, they did not respond to my emails.",5
730,"Great product, very satisfied with the quality and service!",1
731,"Terrible customer support, they did not respond to my emails.",2
732,"Not what I expected, very disappointing experience.",1
733,"The product did not meet my expectations, quality was subpar.",5
734,"Amazing experience, everything went smoothly!",5
735,"Poor packaging, arrived damaged. Not happy with the purchase.",4
736,"Satisfied with the purchase, good value for money.",4
737,"Terrible customer support, they did not respond to my emails.",3
738,"Excellent customer service, the support team was very helpful!",5
739,"Product is okay, but shipping took too long.",2
740,"Great product, very satisfied with the quality and service!",3
741,"Poor packaging, arrived damaged. Not happy with the purchase.",4
742,"Excellent customer service, the support team was very helpful!",3
743,"Product is okay, but shipping took too long.",5
744,Loved it! Would definitely recommend to my friends and family.,3
745,"The product did not meet my expectations, quality was subpar.",2
746,"Amazing experience, everything went smoothly!",2
747,"Excellent customer service, the support team was very helpful!",2
748,Loved it! Would definitely recommend to my friends and family.,3
749,"Terrible customer support, they did not respond to my emails.",4
750,Loved it! Would definitely recommend to my friends and family.,5
751,"Poor packaging, arrived damaged. Not happy with the purchase.",4
752,"Amazing experience, everything went smoothly!",5
753,"Poor packaging, arrived damaged. Not happy with the purchase.",2
754,"Poor packaging, arrived damaged. Not happy with the purchase.",2
755,"Great product, very satisfied with the quality and service!",1
756,"Excellent customer service, the support team was very helpful!",4
757,"Not what I expected, very disappointing experience.",5
758,"Not what I expected, very disappointing experience.",1
759,"The product did not meet my expectations, quality was subpar.",1
760,"Satisfied with the purchase, good value for money.",3
761,"Product is okay, but shipping took too long.",5
762,"Poor packaging, arrived damaged. Not happy with the purchase.",2
763,"Product is okay, but shipping took too long.",2
764,"Not what I expected, very disappointing experience.",5
765,"Not what I expected, very disappointing experience.",5
766,"The product did not meet my expectations, quality was subpar.",5
767,Loved it! Would definitely recommend to my friends and family.,5
768,"The product did not meet my expectations, quality was subpar.",2
769,"Product is okay, but shipping took too long.",2
770,"Not what I expected, very disappointing experience.",5
771,"Terrible customer support, they did not respond to my emails.",4
772,"Poor packaging, arrived damaged. Not happy with the purchase.",5
773,"Not what I expected, very disappointing experience.",3
774,"Excellent customer service, the support team was very helpful!",3
775,"Terrible customer support, they did not respond to my emails.",1
776,"Product is okay, but shipping took too long.",2
777,"The product did not meet my expectations, quality was subpar.",4
778,"Excellent customer service, the support team was very helpful!",5
779,"Not what I expected, very disappointing experience.",4
780,"The product did not meet my expectations, quality was subpar.",2
781,Loved it! Would definitely recommend to my friends and family.,4
782,"Not what I expected, very disappointing experience.",1
783,"Product is okay, but shipping took too long.",1
784,"Satisfied with the purchase, good value for money.",4
785,"Product is okay, but shipping took too long.",5
786,"The product did not meet my expectations, quality was subpar.",2
787,Loved it! Would definitely recommend to my friends and family.,3
788,"Product is okay, but shipping took too long.",1
789,"Product is okay, but shipping took too long.",3
790,"Excellent customer service, the support team was very helpful!",2
791,"The product did not meet my expectations, quality was subpar.",1
792,"The product did not meet my expectations, quality was subpar.",4
793,"Excellent customer service, the support team was very helpful!",2
794,"Product is okay, but shipping took too long.",1
795,"Great product, very satisfied with the quality and service!",3
796,"Satisfied with the purchase, good value for money.",1
797,"Terrible customer support, they did not respond to my emails.",2
798,Loved it! Would definitely recommend to my friends and family.,1
799,"Great product, very satisfied with the quality and service!",2
800,"Poor packaging, arrived damaged. Not happy with the purchase.",5
801,Loved it! Would definitely recommend to my friends and family.,4
802,"Product is okay, but shipping took too long.",2
803,Loved it! Would definitely recommend to my friends and family.,3
804,Loved it! Would definitely recommend to my friends and family.,2
805,"Product is okay, but shipping took too long.",4
806,"Not what I expected, very disappointing experience.",2
807,"Amazing experience, everything went smoothly!",4
808,"Amazing experience, everything went smoothly!",2
809,"Not what I expected, very disappointing experience.",5
810,"Poor packaging, arrived damaged. Not happy with the purchase.",3
811,"Excellent customer service, the support team was very helpful!",3
812,"Satisfied with the purchase, good value for money.",5
813,"The product did not meet my expectations, quality was subpar.",1
814,"Amazing experience, everything went smoothly!",2
815,"Great product, very satisfied with the quality and service!",5
816,"Satisfied with the purchase, good value for money.",3
817,"Satisfied with the purchase, good value for money.",4
818,"Satisfied with the purchase, good value for money.",5
819,"Terrible customer support, they did not respond to my emails.",4
820,"Not what I expected, very disappointing experience.",3
821,Loved it! Would definitely recommend to my friends and family.,4
822,"Not what I expected, very disappointing experience.",3
823,"Amazing experience, everything went smoothly!",2
824,"Product is okay, but shipping took too long.",1
825,"The product did not meet my expectations, quality was subpar.",3
826,"Satisfied with the purchase, good value for money.",5
827,"Satisfied with the purchase, good value for money.",3
828,Loved it! Would definitely recommend to my friends and family.,3
829,"Poor packaging, arrived damaged. Not happy with the purchase.",2
830,"The product did not meet my expectations, quality was subpar.",1
831,"Terrible customer support, they did not respond to my emails.",2
832,"Not what I expected, very disappointing experience.",1
833,"Satisfied with the purchase, good value for money.",3
834,"Poor packaging, arrived damaged. Not happy with the purchase.",3
835,"Not what I expected, very disappointing experience.",4
836,"Poor packaging, arrived damaged. Not happy with the purchase.",1
837,"Satisfied with the purchase, good value for money.",2
838,"Not what I expected, very disappointing experience.",1
839,"Amazing experience, everything went smoothly!",4
840,"Satisfied with the purchase, good value for money.",4
841,"The product did not meet my expectations, quality was subpar.",1
842,"Satisfied with the purchase, good value for money.",1
843,"Terrible customer support, they did not respond to my emails.",4
844,"Poor packaging, arrived damaged. Not happy with the purchase.",2
845,Loved it! Would definitely recommend to my friends and family.,1
846,"Great product, very satisfied with the quality and service!",3
847,"Great product, very satisfied with the quality and service!",2
848,"Poor packaging, arrived damaged. Not happy with the purchase.",4
849,"Amazing experience, everything went smoothly!",3
850,"Terrible customer support, they did not respond to my emails.",4
851,"Great product, very satisfied with the quality and service!",2
852,Loved it! Would definitely recommend to my friends and family.,4
853,"Terrible customer support, they did not respond to my emails.",4
854,"The product did not meet my expectations, quality was subpar.",4
855,"Product is okay, but shipping took too long.",1
856,"Not what I expected, very disappointing experience.",2
857,"Excellent customer service, the support team was very helpful!",4
858,"Terrible customer support, they did not respond to my emails.",1
859,"Satisfied with the purchase, good value for money.",4
860,"Terrible customer support, they did not respond to my emails.",5
861,"Terrible customer support, they did not respond to my emails.",3
862,"Terrible customer support, they did not respond to my emails.",1
863,"Terrible customer support, they did not respond to my emails.",1
864,"Satisfied with the purchase, good value for money.",5
865,"Amazing experience, everything went smoothly!",3
866,"The product did not meet my expectations, quality was subpar.",3
867,"Product is okay, but shipping took too long.",3
868,"Excellent customer service, the support team was very helpful!",4
869,"Amazing experience, everything went smoothly!",2
870,"Excellent customer service, the support team was very helpful!",3
871,Loved it! Would definitely recommend to my friends and family.,4
872,"Poor packaging, arrived damaged. Not happy with the purchase.",1
873,"Product is okay, but shipping took too long.",4
874,"The product did not meet my expectations, quality was subpar.",1
875,"Satisfied with the purchase, good value for money.",5
876,"Poor packaging, arrived damaged. Not happy with the purchase.",3
877,"The product did not meet my expectations, quality was subpar.",5
878,"Satisfied with the purchase, good value for money.",3
879,"The product did not meet my expectations, quality was subpar.",4
880,"Excellent customer service, the support team was very helpful!",2
881,"Great product, very satisfied with the quality and service!",3
882,"The product did not meet my expectations, quality was subpar.",4
883,"Not what I expected, very disappointing experience.",1
884,"Satisfied with the purchase, good value for money.",3
885,"Product is okay, but shipping took too long.",2
886,"Terrible customer support, they did not respond to my emails.",2
887,"Product is okay, but shipping took too long.",4
888,"Product is okay, but shipping took too long.",2
889,"Great product, very satisfied with the quality and service!",4
890,"Not what I expected, very disappointing experience.",2
891,"Excellent customer service, the support team was very helpful!",4
892,"Amazing experience, everything went smoothly!",1
893,"Not what I expected, very disappointing experience.",3
894,Loved it! Would definitely recommend to my friends and family.,4
895,"Satisfied with the purchase, good value for money.",2
896,"The product did not meet my expectations, quality was subpar.",2
897,"Amazing experience, everything went smoothly!",1
898,"Terrible customer support, they did not respond to my emails.",3
899,Loved it! Would definitely recommend to my friends and family.,4
900,"Excellent customer service, the support team was very helpful!",4
901,"The product did not meet my expectations, quality was subpar.",5
902,"Amazing experience, everything went smoothly!",5
903,"Product is okay, but shipping took too long.",3
904,"The product did not meet my expectations, quality was subpar.",1
905,"Amazing experience, everything went smoothly!",2
906,"Terrible customer support, they did not respond to my emails.",5
907,"Product is okay, but shipping took too long.",5
908,"Not what I expected, very disappointing experience.",2
909,"Amazing experience, everything went smoothly!",4
910,Loved it! Would definitely recommend to my friends and family.,2
911,"Terrible customer support, they did not respond to my emails.",1
912,"Excellent customer service, the support team was very helpful!",4
913,"Not what I expected, very disappointing experience.",1
914,Loved it! Would definitely recommend to my friends and family.,5
915,"Amazing experience, everything went smoothly!",3
916,"Great product, very satisfied with the quality and service!",1
917,"Amazing experience, everything went smoothly!",5
918,"Satisfied with the purchase, good value for money.",2
919,"Excellent customer service, the support team was very helpful!",2
920,"Amazing experience, everything went smoothly!",2
921,"Terrible customer support, they did not respond to my emails.",5
922,"Amazing experience, everything went smoothly!",3
923,"Amazing experience, everything went smoothly!",1
924,Loved it! Would definitely recommend to my friends and family.,3
925,"Great product, very satisfied with the quality and service!",4
926,"Not what I expected, very disappointing experience.",4
927,"Great product, very satisfied with the quality and service!",5
928,Loved it! Would definitely recommend to my friends and family.,5
929,"Poor packaging, arrived damaged. Not happy with the purchase.",5
930,"Not what I expected, very disappointing experience.",5
931,"Poor packaging, arrived damaged. Not happy with the purchase.",5
932,"Satisfied with the purchase, good value for money.",5
933,Loved it! Would definitely recommend to my friends and family.,1
934,"Poor packaging, arrived damaged. Not happy with the purchase.",5
935,"Terrible customer support, they did not respond to my emails.",1
936,"Amazing experience, everything went smoothly!",1
937,"Product is okay, but shipping took too long.",4
938,"Great product, very satisfied with the quality and service!",3
939,"The product did not meet my expectations, quality was subpar.",2
940,"Excellent customer service, the support team was very helpful!",2
941,"Not what I expected, very disappointing experience.",4
942,"Product is okay, but shipping took too long.",5
943,"Poor packaging, arrived damaged. Not happy with the purchase.",3
944,"Amazing experience, everything went smoothly!",2
945,Loved it! Would definitely recommend to my friends and family.,2
946,"Terrible customer support, they did not respond to my emails.",2
947,"Excellent customer service, the support team was very helpful!",5
948,"Product is okay, but shipping took too long.",4
949,Loved it! Would definitely recommend to my friends and family.,4
950,"Satisfied with the purchase, good value for money.",5
951,Loved it! Would definitely recommend to my friends and family.,5
952,"Amazing experience, everything went smoothly!",4
953,"Amazing experience, everything went smoothly!",5
954,"The product did not meet my expectations, quality was subpar.",4
955,"Great product, very satisfied with the quality and service!",2
956,"Not what I expected, very disappointing experience.",2
957,"Great product, very satisfied with the quality and service!",3
958,Loved it! Would definitely recommend to my friends and family.,5
959,"Not what I expected, very disappointing experience.",5
960,"Terrible customer support, they did not respond to my emails.",5
961,"The product did not meet my expectations, quality was subpar.",3
962,"Terrible customer support, they did not respond to my emails.",4
963,"Satisfied with the purchase, good value for money.",4
964,"Not what I expected, very disappointing experience.",1
965,"Not what I expected, very disappointing experience.",2
966,"Not what I expected, very disappointing experience.",5
967,"Not what I expected, very disappointing experience.",3
968,"Excellent customer service, the support team was very helpful!",1
969,Loved it! Would definitely recommend to my friends and family.,2
970,"Terrible customer support, they did not respond to my emails.",3
971,"Great product, very satisfied with the quality and service!",4
972,"Excellent customer service, the support team was very helpful!",1
973,"The product did not meet my expectations, quality was subpar.",4
974,"Not what I expected, very disappointing experience.",3
975,"Amazing experience, everything went smoothly!",1
976,"Product is okay, but shipping took too long.",5
977,"Terrible customer support, they did not respond to my emails.",1
978,"Product is okay, but shipping took too long.",3
979,"Amazing experience, everything went smoothly!",4
980,"Satisfied with the purchase, good value for money.",5
981,"Excellent customer service, the support team was very helpful!",3
982,"Great product, very satisfied with the quality and service!",2
983,"The product did not meet my expectations, quality was subpar.",5
984,"Terrible customer support, they did not respond to my emails.",1
985,"Poor packaging, arrived damaged. Not happy with the purchase.",5
986,"Great product, very satisfied with the quality and service!",5
987,"Terrible customer support, they did not respond to my emails.",2
988,"Great product, very satisfied with the quality and service!",3
989,"Excellent customer service, the support team was very helpful!",3
990,"Satisfied with the purchase, good value for money.",3
991,"The product did not meet my expectations, quality was subpar.",2
992,"Terrible customer support, they did not respond to my emails.",2
993,Loved it! Would definitely recommend to my friends and family.,5
994,"Satisfied with the purchase, good value for money.",5
995,"Great product, very satisfied with the quality and service!",4
996,Loved it! Would definitely recommend to my friends and family.,4
997,"Poor packaging, arrived damaged. Not happy with the purchase.",4
998,"Excellent customer service, the support team was very helpful!",5
999,"Amazing experience, everything went smoothly!",2
1000,"Excellent customer service, the support team was very helpful!",4
